Log(E_peak),Log(beta),Log(sigma),Log(beta_Rel),astro_DM
-0.4125023068520127,-1.3251388592621884,1.3569508561312753,-0.1221929246256183,0.0
0.7081403453880487,-0.0001737525455875,0.6231665597600842,-1.601886238782375,0.0
0.2247401900605439,-0.5812017094096464,1.0100411689718056,-0.3112491608456672,0.0
0.2573185130976385,-0.5619325495465062,0.615413424407249,-0.0389131164952773,0.0
0.3261104609708298,-1.1001794975729038,1.6249315044125772,-0.5287526401553599,0.0
