number,prob_ann,anomaly_score,anomaly_score_norm,combined_score
717.0,0.9980581904004066,-11.30923861023717,1.0,0.9990290952002032
631.0,0.9702578843322804,-11.30925892303923,0.8808543103659758,0.9255560973491281
763.0,0.9662214467112328,-11.309277158932757,0.7738908247847576,0.8700561357479952
554.0,0.9926572672797039,-11.309287797651066,0.711488925429876,0.85207309635479
682.0,0.9939219614102077,-11.309316551304818,0.5428330257855123,0.76837749359786
