number,prob_DM,prob_ann
864,0.92,0.9816293451655067
545,0.92,0.9438352786307238
