ANN_Position,Source_ID,ANN_E_peak,ANN_Beta,ANN_Sigma_det,ANN_Beta_Rel,ANN_Log_E_peak,ANN_Log_Beta,ANN_Log_Sigma_det,ANN_Log_Beta_Rel,ANN_Prob_Mean,ANN_Prob_Std,OCSVM_Anomaly_Rank,OCSVM_Prediction,OCSVM_Anomaly_Score,OCSVM_Log_E_peak,OCSVM_Log_Beta,OCSVM_Log_sigma_det,OCSVM_Log_beta_Rel
33,331,9.5884,0.2022,6.2851,1.1587537091988132,0.9817461432349174,-0.6942188487450177,0.7983121919826278,0.0639911373419805,0.4828772183964416,0.0180878948250884,69.51608724276358,1,-0.030905551252444097,1.0335845755154134,-0.4029633350223465,0.7437370435139938,0.6001059999949092
45,851,0.87647,0.1978,27.4967,0.1946410515672396,-0.0572629444389043,-0.7037737127388394,1.4392805753652638,-0.7107655577526599,0.4588667131580121,0.0067259619628217,68.85739513344502,1,-0.032709739675905514,1.1396902216529228,-0.1870198339605195,0.6183410158707928,-0.0160590907093116
