Log(E_peak),Log(beta),Log(sigma_det),Log(beta_Rel),number,svm_score,prediction,Anomaly_Score,Anomaly_Rank(%)
1.510142699402573,0.0,0.6172625170913744,-3.0457574905606752,307,-1.797927140832014,-1,1.797927140832014,100.0
1.3291944150884512,0.0,0.637159379988064,-2.42021640338319,166,-0.5790749501099377,-1,0.5790749501099377,72.26091196445627
0.7714037303044066,-2.619788758288394,0.7473185682935716,1.599337132992489,1116,-0.4618733067668419,-1,0.4618733067668419,69.59359370605569
-0.7468074301215563,-1.245651664288981,0.6597546162681032,1.8747961201113512,285,-0.4513665325712193,-1,0.4513665325712193,69.35447666085491
-5.628027530305907,-1.8477116556169435,0.6329833909551814,0.8389377313094384,1109,-0.39044602566690045,-1,0.39044602566690045,67.96802527892999
-4.890219031986424,-1.785156151952302,0.8576580952084112,1.3177831531811932,562,-0.3791119725623542,-1,0.3791119725623542,67.71008071497077
1.4389693137379866,-2.537602002101044,0.8657966341850633,1.3979400086720375,564,-0.09754008624069677,-1,0.09754008624069677,61.301963797706655
-5.471996534616308,-1.6736641390712486,0.6651774631580316,0.6894428954602896,117,-0.07034666737667372,-1,0.07034666737667372,60.68308593409165
